"weight";"word";"color";"url"
"98";"data";"";""
"46";"solutions";"";""
"38";"service";"";""
"37";"management";"";""
"35";"practices";"";""
"35";"tools";"";""
"34";"best";"";""
"33";"analytics";"";""
"30";"products";"";""
"29";"migration";"";""
"29";"storage";"";""
"28";"learn";"";""
"27";"engine";"";""
"25";"apps";"";""
"25";"managed";"";""
"25";"platform";"";""
"24";"applications";"";""
"24";"see";"";""
"23";"api";"";""
"23";"center";"";""
"23";"read";"";""
"23";"run";"";""
"22";"business";"";""
"22";"workloads";"";""
"21";"database";"";""
"21";"migrate";"";""
"19";"fully";"";""
"19";"services";"";""
"18";"build";"";""
"18";"infrastructure";"";""
"17";"anthos";"";""
"17";"application";"";""
"17";"resources";"";""
"17";"running";"";""
"16";"databases";"";""
"16";"healthcare";"";""
"16";"kubernetes";"";""
"16";"pricing";"";""
"15";"enterprise";"";""
"15";"learning";"";""
"15";"open";"";""
"15";"secure";"";""
"15";"transformation";"";""
"15";"whitepaper";"";""
"14";"compute";"";""
"14";"deploy";"";""
"14";"manage";"";""
"14";"operations";"";""
"14";"serverless";"";""
"14";"software";"";""
"13";"apis";"";""
"13";"blueprint";"";""
"13";"code";"";""
"13";"compliance";"";""
"13";"digital";"";""
"13";"insights";"";""
"13";"program";"";""
"12";"app";"";""
"12";"bigquery";"";""
"12";"computing";"";""
"12";"containers";"";""
"12";"delivery";"";""
"12";"gke";"";""
"12";"machine";"";""
"12";"modernization";"";""
"12";"video";"";""
"12";"virtual";"";""
"11";"cost";"";""
"11";"get";"";""
"11";"industry";"";""
"11";"monitoring";"";""
"11";"repository";"";""
"11";"scale";"";""
"11";"sql";"";""
"11";"support";"";""
"11";"workspace";"";""
"10";"encryption";"";""
"10";"guide";"";""
"10";"identity";"";""
"10";"intelligence";"";""
"10";"life";"";""
"10";"managing";"";""
"10";"network";"";""
"10";"solution";"";""
"9";"access";"";""
"9";"approach";"";""
"9";"blueprints";"";""
"9";"building";"";""
"9";"chain";"";""
"9";"container";"";""
"9";"environment";"";""
"9";"free";"";""
"9";"looking";"";""
"9";"operational";"";""
"9";"seeing";"";""
"9";"using";"";""
"8";"across";"";""
"8";"apigee";"";""
"8";"based";"";""
"8";"can";"";""
"8";"collaboration";"";""
"8";"containerized";"";""
"8";"customers";"";""
"8";"developer";"";""
"8";"development";"";""
"8";"google's";"";""
"8";"modernize";"";""
"8";"new";"";""
"8";"performance";"";""
"8";"productivity";"";""
"8";"transfer";"";""
"8";"warehouse";"";""
"8";"web";"";""
"7";"connect";"";""
"7";"connectivity";"";""
"7";"contact";"";""
"7";"edge";"";""
"7";"existing";"";""
"7";"help";"";""
"7";"hybrid";"";""
"7";"integration";"";""
"7";"key";"";""
"7";"machines";"";""
"7";"multicloud";"";""
"7";"networking";"";""
"7";"oracle";"";""
"7";"overview";"";""
"7";"protection";"";""
"7";"provides";"";""
"7";"registry";"";""
"7";"risk";"";""
"7";"server";"";""
"7";"source";"";""
"7";"startup";"";""
"7";"supply";"";""
"7";"traffic";"";""
"7";"training";"";""
"7";"type";"";""
"7";"use";"";""
"7";"vmware";"";""
"6";"accelerate";"";""
"6";"batch";"";""
"6";"content";"";""
"6";"control";"";""
"6";"deployment";"";""
"6";"explore";"";""
"6";"foundation";"";""
"6";"games";"";""
"6";"guidance";"";""
"6";"information";"";""
"6";"intelligent";"";""
"6";"logging";"";""
"6";"manager";"";""
"6";"modernizing";"";""
"6";"optimization";"";""
"6";"partner";"";""
"6";"partners";"";""
"6";"processing";"";""
"6";"product";"";""
"6";"reports";"";""
"6";"sciences";"";""
"6";"simplify";"";""
"6";"stream";"";""
"6";"teams";"";""
"6";"terraform";"";""
"6";"unified";"";""
"6";"vms";"";""
"6";"whitepapers";"";""
"5";"architecture";"";""
"5";"backup";"";""
"5";"blog";"";""
"5";"built";"";""
"5";"capabilities";"";""
"5";"catalog";"";""
"5";"chrome";"";""
"5";"close";"";""
"5";"confidential";"";""
"5";"continuous";"";""
"5";"deep";"";""
"5";"deployable";"";""
"5";"events";"";""
"5";"financial";"";""
"5";"full";"";""
"5";"github";"";""
"5";"global";"";""
"5";"google’s";"";""
"5";"governance";"";""
"5";"government";"";""
"5";"guides";"";""
"5";"language";"";""
"5";"looker";"";""
"5";"marketplace";"";""
"5";"moving";"";""
"5";"options";"";""
"5";"paper";"";""
"5";"resilience";"";""
"5";"sap";"";""
"5";"science";"";""
"5";"site";"";""
"5";"smart";"";""
"5";"suite";"";""
"5";"system";"";""
"5";"toolkit";"";""
"5";"trust";"";""
"5";"vertex";"";""
"5";"watch";"";""
"5";"windows";"";""
"5";"work";"";""
"4";"analysis";"";""
"4";"analyzing";"";""
"4";"apix";"";""
"4";"artifact";"";""
"4";"artifacts";"";""
"4";"assessment";"";""
"4";"assets";"";""
"4";"automation";"";""
"4";"availability";"";""
"4";"bare";"";""
"4";"become";"";""
"4";"carbon";"";""
"4";"cdn";"";""
"4";"chronicle";"";""
"4";"classification";"";""
"4";"cloud-native";"";""
"4";"command";"";""
"4";"community";"";""
"4";"config";"";""
"4";"configuration";"";""
"4";"controls";"";""
"4";"costs";"";""
"4";"covid-19";"";""
"4";"customer";"";""
"4";"cycle";"";""
"4";"dataflow";"";""
"4";"designed";"";""
"4";"device";"";""
"4";"devops";"";""
"4";"director";"";""
"4";"document";"";""
"4";"efficiency";"";""
"4";"ensure";"";""
"4";"español";"";""
"4";"essentials";"";""
"4";"experts";"";""
"4";"find";"";""
"4";"firebase";"";""
"4";"framework";"";""
"4";"high";"";""
"4";"imaging";"";""
"4";"innovation";"";""
"4";"iot";"";""
"4";"join";"";""
"4";"keep";"";""
"4";"live";"";""
"4";"media";"";""
"4";"medical";"";""
"4";"metal";"";""
"4";"migrating";"";""
"4";"mobile";"";""
"4";"natural";"";""
"4";"optimize";"";""
"4";"organization";"";""
"4";"package";"";""
"4";"postgresql";"";""
"4";"private";"";""
"4";"quickly";"";""
"4";"ramp";"";""
"4";"rapid";"";""
"4";"recovery";"";""
"4";"reference";"";""
"4";"reliable";"";""
"4";"retail";"";""
"4";"scalable";"";""
"4";"search";"";""
"4";"secured";"";""
"4";"small";"";""
"4";"spark";"";""
"4";"systems";"";""
"4";"technical";"";""
"4";"technology";"";""
"4";"threats";"";""
"4";"thumb-down";"";""
"4";"user";"";""
"4";"view";"";""
"4";"workload";"";""
"4";"中文";"";""
"3";"active";"";""
"3";"agility";"";""
"3";"analyst";"";""
"3";"apache";"";""
"3";"architectures";"";""
"3";"artificial";"";""
"3";"att&ck";"";""
"3";"authorization";"";""
"3";"banking";"";""
"3";"benchmarks";"";""
"3";"benefits";"";""
"3";"businesses";"";""
"3";"capture";"";""
"3";"case";"";""
"3";"certification";"";""
"3";"certifications";"";""
"3";"challenges";"";""
"3";"checklists";"";""
"3";"cis";"";""
"3";"cloud's";"";""
"3";"cloud-based";"";""
"3";"clusters";"";""
"3";"components";"";""
"3";"comprehensive";"";""
"3";"connected";"";""
"3";"console";"";""
"3";"create";"";""
"3";"creating";"";""
"3";"deployments";"";""
"3";"desktops";"";""
"3";"disaster";"";""
"3";"discovery";"";""
"3";"docs";"";""
"3";"easily";"";""
"3";"end-to-end";"";""
"3";"error";"";""
"3";"experiences";"";""
"3";"fitbit";"";""
"3";"functions";"";""
"3";"gateway";"";""
"3";"generate";"";""
"3";"gpus";"";""
"3";"hardware";"";""
"3";"helping";"";""
"3";"iam";"";""
"3";"includes";"";""
"3";"instances";"";""
"3";"internet";"";""
"3";"journey";"";""
"3";"lake";"";""
"3";"large";"";""
"3";"legacy";"";""
"3";"libraries";"";""
"3";"list";"";""
"3";"mainframe";"";""
"3";"manufacturing";"";""
"3";"medium";"";""
"3";"minimal";"";""
"3";"mitre";"";""
"3";"model";"";""
"3";"models";"";""
"3";"nat";"";""
"3";"need";"";""
"3";"needs";"";""
"3";"next";"";""
"3";"notebooks";"";""
"3";"now";"";""
"3";"object";"";""
"3";"online";"";""
"3";"physical";"";""
"3";"powershell";"";""
"3";"production";"";""
"3";"profiler";"";""
"3";"protect";"";""
"3";"protecting";"";""
"3";"provide";"";""
"3";"quickstarts";"";""
"3";"quote";"";""
"3";"recommendations";"";""
"3";"resource";"";""
"3";"rich";"";""
"3";"save";"";""
"3";"scheduler";"";""
"3";"securely";"";""
"3";"sensitive";"";""
"3";"series";"";""
"3";"set";"";""
"3";"shell";"";""
"3";"smb";"";""
"3";"solve";"";""
"3";"spanner";"";""
"3";"sre";"";""
"3";"startups";"";""
"3";"stay";"";""
"3";"stories";"";""
"3";"storing";"";""
"3";"streaming";"";""
"3";"task";"";""
"3";"templates";"";""
"3";"text";"";""
"3";"third-party";"";""
"3";"thumb-up";"";""
"3";"traditional";"";""
"3";"transit";"";""
"3";"translation";"";""
"3";"understand";"";""
"3";"usage";"";""
"3";"way";"";""
"3";"workflow";"";""
"3";"workspace's";"";""
"3";"write";"";""
"2";"0";"";""
"2";"accessible";"";""
"2";"add";"";""
"2";"admins";"";""
"2";"agents";"";""
"2";"alliance";"";""
"2";"alloydb";"";""
"2";"américa";"";""
"2";"appliance";"";""
"2";"appsheet";"";""
"2";"architect";"";""
"2";"armor";"";""
"2";"assist";"";""
"2";"assured";"";""
"2";"attacks";"";""
"2";"audit";"";""
"2";"automated";"";""
"2";"automatic";"";""
"2";"automl";"";""
"2";"back";"";""
"2";"balancing";"";""
"2";"basics";"";""
"2";"better";"";""
"2";"beyondcorp";"";""
"2";"beyondprod";"";""
"2";"bigtable";"";""
"2";"billing";"";""
"2";"binary";"";""
"2";"block";"";""
"2";"book";"";""
"2";"borg";"";""
"2";"brasil";"";""
"2";"browse";"";""
"2";"builds";"";""
"2";"built-in";"";""
"2";"calculator";"";""
"2";"camp";"";""
"2";"care";"";""
"2";"categorize";"";""
"2";"centers";"";""
"2";"central";"";""
"2";"change";"";""
"2";"channels";"";""
"2";"cli";"";""
"2";"collecting";"";""
"2";"compliant";"";""
"2";"composer";"";""
"2";"configurations";"";""
"2";"connector";"";""
"2";"consumer";"";""
"2";"contains";"";""
"2";"convert";"";""
"2";"core";"";""
"2";"covers";"";""
"2";"custom";"";""
"2";"dataplex";"";""
"2";"dataprep";"";""
"2";"dataproc";"";""
"2";"datasets";"";""
"2";"datastream";"";""
"2";"day";"";""
"2";"ddos";"";""
"2";"debug";"";""
"2";"debugger";"";""
"2";"dependencies";"";""
"2";"design";"";""
"2";"detect";"";""
"2";"deutsch";"";""
"2";"developers";"";""
"2";"devices";"";""
"2";"dialogflow";"";""
"2";"disk";"";""
"2";"distributed";"";""
"2";"dive";"";""
"2";"dns";"";""
"2";"docker";"";""
"2";"downtime";"";""
"2";"durable";"";""
"2";"education";"";""
"2";"effective";"";""
"2";"efficiently";"";""
"2";"embedded";"";""
"2";"empower";"";""
"2";"ends";"";""
"2";"english";"";""
"2";"entertainment";"";""
"2";"event";"";""
"2";"executive";"";""
"2";"extending";"";""
"2";"featured";"";""
"2";"fedramp-aligned";"";""
"2";"files";"";""
"2";"filestore";"";""
"2";"finops";"";""
"2";"firestore";"";""
"2";"follow";"";""
"2";"footprint";"";""
"2";"foundations";"";""
"2";"foundry";"";""
"2";"français";"";""
"2";"fusion";"";""
"2";"gain";"";""
"2";"gaming";"";""
"2";"gcloud";"";""
"2";"geospatial";"";""
"2";"goods";"";""
"2";"grow";"";""
"2";"growth";"";""
"2";"helps";"";""
"2";"hub";"";""
"2";"ide";"";""
"2";"ingestion";"";""
"2";"initiative";"";""
"2";"innovators";"";""
"2";"inspection";"";""
"2";"instant";"";""
"2";"integrated";"";""
"2";"interface";"";""
"2";"internal";"";""
"2";"isvs";"";""
"2";"italiano";"";""
"2";"jobs";"";""
"2";"keys";"";""
"2";"knative";"";""
"2";"knowledge";"";""
"2";"label"":""other";"";""
"2";"languages";"";""
"2";"latency";"";""
"2";"latest";"";""
"2";"latina";"";""
"2";"line";"";""
"2";"load";"";""
"2";"local";"";""
"2";"logistics";"";""
"2";"loss";"";""
"2";"low-latency";"";""
"2";"mandiant";"";""
"2";"marketing";"";""
"2";"meet";"";""
"2";"meetings";"";""
"2";"memorystore";"";""
"2";"mesh";"";""
"2";"microservices";"";""
"2";"migrations";"";""
"2";"modern";"";""
"2";"modules";"";""
"2";"money";"";""
"2";"monitor";"";""
"2";"monthly";"";""
"2";"move";"";""
"2";"multi-cloud";"";""
"2";"mysql";"";""
"2";"name";"";""
"2";"networks";"";""
"2";"nodes";"";""
"2";"on-premises";"";""
"2";"ones";"";""
"2";"opencue";"";""
"2";"openshift";"";""
"2";"opportunities";"";""
"2";"optimizing";"";""
"2";"orchestration";"";""
"2";"org";"";""
"2";"organizations";"";""
"2";"packaged";"";""
"2";"pane";"";""
"2";"path";"";""
"2";"pci";"";""
"2";"permissions";"";""
"2";"persistent";"";""
"2";"plan";"";""
"2";"portfolio";"";""
"2";"português";"";""
"2";"postures";"";""
"2";"prebuilt";"";""
"2";"prepare";"";""
"2";"prescriptive";"";""
"2";"prevention";"";""
"2";"price";"";""
"2";"principles";"";""
"2";"privacy";"";""
"2";"privileged";"";""
"2";"processes";"";""
"2";"product-specific";"";""
"2";"professional";"";""
"2";"pub/sub";"";""
"2";"rcac";"";""
"2";"reading";"";""
"2";"real-time";"";""
"2";"realtime";"";""
"2";"recaptcha";"";""
"2";"recognition";"";""
"2";"recommended";"";""
"2";"recommender";"";""
"2";"relational";"";""
"2";"reliability";"";""
"2";"reporting";"";""
"2";"repositories";"";""
"2";"request";"";""
"2";"requirements";"";""
"2";"research";"";""
"2";"respond";"";""
"2";"rest";"";""
"2";"saas";"";""
"2";"savings";"";""
"2";"scheduling";"";""
"2";"scripts";"";""
"2";"sdk";"";""
"2";"securing";"";""
"2";"serving";"";""
"2";"sessions";"";""
"2";"settings";"";""
"2";"showcase";"";""
"2";"siem";"";""
"2";"sign";"";""
"2";"significantly";"";""
"2";"simplifies";"";""
"2";"soar";"";""
"2";"sole-tenant";"";""
"2";"sources";"";""
"2";"specialized";"";""
"2";"specific";"";""
"2";"speech";"";""
"2";"speech-to-text";"";""
"2";"speed";"";""
"2";"spot";"";""
"2";"ssd";"";""
"2";"stack";"";""
"2";"start";"";""
"2";"started";"";""
"2";"stitcher";"";""
"2";"structure";"";""
"2";"studies";"";""
"2";"take";"";""
"2";"tasks";"";""
"2";"techniques";"";""
"2";"telecommunications";"";""
"2";"telemetry";"";""
"2";"terms";"";""
"2";"text-to-speech";"";""
"2";"that’s";"";""
"2";"things";"";""
"2";"threat";"";""
"2";"tier";"";""
"2";"tiers";"";""
"2";"tool";"";""
"2";"top";"";""
"2";"topics";"";""
"2";"toughest";"";""
"2";"tpu";"";""
"2";"trace";"";""
"2";"track";"";""
"2";"transcoder";"";""
"2";"transfers";"";""
"2";"transparent";"";""
"2";"understanding";"";""
"2";"unlock";"";""
"2";"unlocking";"";""
"2";"unstructured";"";""
"2";"updated";"";""
"2";"uses";"";""
"2";"value";"";""
"2";"virustotal";"";""
"2";"visibility";"";""
"2";"vision";"";""
"2";"visit";"";""
"2";"webinars";"";""
"2";"well";"";""
"2";"without";"";""
"2";"workbench";"";""
"2";"workflows";"";""
"2";"working";"";""
"2";"workstations";"";""
"2";"youtube";"";""
"2";"zero";"";""
"2";"日本語";"";""
"2";"简体";"";""
"2";"繁體";"";""
"2";"한국어";"";""
"1";"360-degree";"";""
"1";"ability";"";""
"1";"abuse";"";""
"1";"academia";"";""
"1";"accepted";"";""
"1";"accessed";"";""
"1";"accompanying";"";""
"1";"accordingly";"";""
"1";"accounts";"";""
"1";"achieve";"";""
"1";"achieving";"";""
"1";"actions";"";""
"1";"activating";"";""
"1";"activities";"";""
"1";"activity";"";""
"1";"add-on";"";""
"1";"adopting";"";""
"1";"advance";"";""
"1";"advantage";"";""
"1";"adversary";"";""
"1";"advice";"";""
"1";"agencies";"";""
"1";"agnostic";"";""
"1";"ai-driven";"";""
"1";"ai-powered";"";""
"1";"airflow";"";""
"1";"align";"";""
"1";"allow";"";""
"1";"amplify";"";""
"1";"analysts";"";""
"1";"analyze";"";""
"1";"animation";"";""
"1";"answers";"";""
"1";"anywhere";"";""
"1";"api-based";"";""
"1";"api-first";"";""
"1";"application-consistent";"";""
"1";"architects";"";""
"1";"asic";"";""
"1";"ask";"";""
"1";"assess";"";""
"1";"assisting";"";""
"1";"asynchronous";"";""
"1";"attached";"";""
"1";"attract";"";""
"1";"authentication";"";""
"1";"authorized";"";""
"1";"automate";"";""
"1";"automatically";"";""
"1";"base";"";""
"1";"best-practice";"";""
"1";"biomedical";"";""
"1";"boundaries";"";""
"1";"brand";"";""
"1";"bridge";"";""
"1";"bridging";"";""
"1";"broad";"";""
"1";"browser";"";""
"1";"c-suite";"";""
"1";"calculate";"";""
"1";"called";"";""
"1";"card";"";""
"1";"cases";"";""
"1";"catalogue";"";""
"1";"changed";"";""
"1";"check";"";""
"1";"choose";"";""
"1";"choosing";"";""
"1";"ci/cd";"";""
"1";"cisos";"";""
"1";"ciso’s";"";""
"1";"classroom";"";""
"1";"clicks";"";""
"1";"clouds";"";""
"1";"cloud’s";"";""
"1";"coding";"";""
"1";"collections";"";""
"1";"combined";"";""
"1";"command-line";"";""
"1";"commercial";"";""
"1";"company";"";""
"1";"complete";"";""
"1";"composed";"";""
"1";"connection";"";""
"1";"consensus-based";"";""
"1";"consistent";"";""
"1";"constraints";"";""
"1";"continuity";"";""
"1";"controlled";"";""
"1";"controlling";"";""
"1";"conversational";"";""
"1";"cookie";"";""
"1";"corner";"";""
"1";"cost-effectively";"";""
"1";"coursera";"";""
"1";"cpg";"";""
"1";"cpu";"";""
"1";"credits";"";""
"1";"cron";"";""
"1";"cryptographic";"";""
"1";"culture";"";""
"1";"curated";"";""
"1";"customize";"";""
"1";"cybersecurity";"";""
"1";"cycles";"";""
"1";"daas";"";""
"1";"dashboard";"";""
"1";"data-driven";"";""
"1";"debugging";"";""
"1";"decisions";"";""
"1";"declarative";"";""
"1";"dedicated";"";""
"1";"defaults";"";""
"1";"defending";"";""
"1";"defense";"";""
"1";"delivering";"";""
"1";"demand";"";""
"1";"demanding";"";""
"1";"demo";"";""
"1";"denial";"";""
"1";"deploy-time";"";""
"1";"deployed";"";""
"1";"deploying";"";""
"1";"describe";"";""
"1";"describes";"";""
"1";"details";"";""
"1";"detection";"";""
"1";"detective";"";""
"1";"develop";"";""
"1";"developed";"";""
"1";"developing";"";""
"1";"directory";"";""
"1";"discounted";"";""
"1";"discovering";"";""
"1";"discusses";"";""
"1";"distributing";"";""
"1";"distribution";"";""
"1";"documentation";"";""
"1";"domain";"";""
"1";"done";"";""
"1";"dora";"";""
"1";"dos";"";""
"1";"download";"";""
"1";"drive";"";""
"1";"dss";"";""
"1";"dynamic";"";""
"1";"early";"";""
"1";"easytounderstand";"";""
"1";"ecosystem";"";""
"1";"effects";"";""
"1";"effort";"";""
"1";"eight";"";""
"1";"emissions";"";""
"1";"emotion";"";""
"1";"employees";"";""
"1";"enable";"";""
"1";"enables";"";""
"1";"encrypt";"";""
"1";"encrypts";"";""
"1";"endpoints";"";""
"1";"enforcement";"";""
"1";"engage";"";""
"1";"engaging";"";""
"1";"engineer";"";""
"1";"enrich";"";""
"1";"enroll";"";""
"1";"ensuring";"";""
"1";"enterprise-grade";"";""
"1";"enterprise-ready";"";""
"1";"enterprises";"";""
"1";"entire";"";""
"1";"environments";"";""
"1";"episode";"";""
"1";"exchanging";"";""
"1";"executing";"";""
"1";"execution";"";""
"1";"exfiltration";"";""
"1";"expertise";"";""
"1";"exploring";"";""
"1";"export";"";""
"1";"extend";"";""
"1";"external";"";""
"1";"extract";"";""
"1";"extraordinary";"";""
"1";"fabric";"";""
"1";"faster";"";""
"1";"fault-tolerant";"";""
"1";"federating";"";""
"1";"fhir";"";""
"1";"file";"";""
"1";"finserv";"";""
"1";"firms";"";""
"1";"flexible";"";""
"1";"frameworks";"";""
"1";"fraud";"";""
"1";"fraudulent";"";""
"1";"friction";"";""
"1";"frontlines";"";""
"1";"function";"";""
"1";"fundamentally";"";""
"1";"future";"";""
"1";"git";"";""
"1";"gives";"";""
"1";"giving";"";""
"1";"globally";"";""
"1";"glossary";"";""
"1";"google-quality";"";""
"1";"hadoop";"";""
"1";"hana";"";""
"1";"handle";"";""
"1";"hardtounderstand";"";""
"1";"health";"";""
"1";"heap";"";""
"1";"hierarchy";"";""
"1";"high-level";"";""
"1";"high-performance";"";""
"1";"highly";"";""
"1";"hiring";"";""
"1";"home";"";""
"1";"hosting";"";""
"1";"how cloud";"";""
"1";"human";"";""
"1";"humans";"";""
"1";"ideas";"";""
"1";"identification";"";""
"1";"identities";"";""
"1";"images";"";""
"1";"impact";"";""
"1";"implement";"";""
"1";"implementation";"";""
"1";"implementing";"";""
"1";"import";"";""
"1";"improve";"";""
"1";"improving";"";""
"1";"in-depth";"";""
"1";"in-memory";"";""
"1";"in-production";"";""
"1";"including";"";""
"1";"incorrectinformationorsamplecode";"";""
"1";"increase";"";""
"1";"increased";"";""
"1";"industries";"";""
"1";"industry's";"";""
"1";"inference";"";""
"1";"information/samples";"";""
"1";"informed";"";""
"1";"ingesting";"";""
"1";"initiatives";"";""
"1";"innerloop";"";""
"1";"innovate";"";""
"1";"insertion";"";""
"1";"insider";"";""
"1";"instantly";"";""
"1";"instructions";"";""
"1";"interactive";"";""
"1";"interfaces";"";""
"1";"interoperable";"";""
"1";"investigate";"";""
"1";"investments";"";""
"1";"job";"";""
"1";"jump";"";""
"1";"jumpstart";"";""
"1";"keeps";"";""
"1";"kms lets";"";""
"1";"know";"";""
"1";"kubernetes-native";"";""
"1";"label"":""easy";"";""
"1";"label"":""hard";"";""
"1";"label"":""incorrect";"";""
"1";"label"":""missing";"";""
"1";"label"":""solved";"";""
"1";"landing";"";""
"1";"lays";"";""
"1";"leaders";"";""
"1";"leading";"";""
"1";"level";"";""
"1";"leverage";"";""
"1";"licensing";"";""
"1";"lifelike";"";""
"1";"links";"";""
"1";"localized";"";""
"1";"locally";"";""
"1";"lock-in";"";""
"1";"logs";"";""
"1";"lookups";"";""
"1";"low";"";""
"1";"low-cost";"";""
"1";"make";"";""
"1";"making";"";""
"1";"market";"";""
"1";"matrix";"";""
"1";"may";"";""
"1";"measure";"";""
"1";"meeting";"";""
"1";"memcached";"";""
"1";"messaging";"";""
"1";"met";"";""
"1";"metadata";"";""
"1";"metrics";"";""
"1";"microsoft";"";""
"1";"mind";"";""
"1";"minimizes";"";""
"1";"missingtheinformationsamplesineed";"";""
"1";"mitigate";"";""
"1";"mitigation";"";""
"1";"monetize";"";""
"1";"multiple";"";""
"1";"native";"";""
"1";"natively";"";""
"1";"neutral";"";""
"1";"news";"";""
"1";"newsletter";"";""
"1";"no-code";"";""
"1";"nosql";"";""
"1";"notebook";"";""
"1";"notes";"";""
"1";"objectives";"";""
"1";"observations";"";""
"1";"offers";"";""
"1";"on-demand";"";""
"1";"operated";"";""
"1";"opinionated";"";""
"1";"optimized";"";""
"1";"organizational";"";""
"1";"organization’s";"";""
"1";"organized";"";""
"1";"otherdown";"";""
"1";"otherup";"";""
"1";"outline";"";""
"1";"outside";"";""
"1";"paas";"";""
"1";"paas&#58";"";""
"1";"pace";"";""
"1";"part";"";""
"1";"particularly";"";""
"1";"patient";"";""
"1";"pay";"";""
"1";"pay-as-you-go";"";""
"1";"payment";"";""
"1";"peering";"";""
"1";"performant";"";""
"1";"perspectives";"";""
"1";"petabytes";"";""
"1";"phase";"";""
"1";"philosophy";"";""
"1";"pipelines";"";""
"1";"place";"";""
"1";"planning";"";""
"1";"playbook";"";""
"1";"podcast";"";""
"1";"podcasts";"";""
"1";"point";"";""
"1";"policies";"";""
"1";"policy";"";""
"1";"popular";"";""
"1";"portfolios";"";""
"1";"postgresql-compatible";"";""
"1";"practice";"";""
"1";"pragmatic";"";""
"1";"pre-trained";"";""
"1";"preferences";"";""
"1";"prepaid";"";""
"1";"press";"";""
"1";"prioritize";"";""
"1";"problem";"";""
"1";"production-ready";"";""
"1";"programmatic";"";""
"1";"programs";"";""
"1";"properly";"";""
"1";"prosperous";"";""
"1";"protected";"";""
"1";"protects";"";""
"1";"proven";"";""
"1";"provider";"";""
"1";"providers";"";""
"1";"provision";"";""
"1";"public";"";""
"1";"put";"";""
"1";"questions";"";""
"1";"rates";"";""
"1";"ready-to-go";"";""
"1";"real";"";""
"1";"real-world";"";""
"1";"reasons";"";""
"1";"recordings";"";""
"1";"recordings—to";"";""
"1";"redaction";"";""
"1";"redis";"";""
"1";"reduce";"";""
"1";"references";"";""
"1";"refresh";"";""
"1";"regions";"";""
"1";"register";"";""
"1";"rehost";"";""
"1";"reimagine";"";""
"1";"related";"";""
"1";"release";"";""
"1";"remote";"";""
"1";"render";"";""
"1";"repeatable";"";""
"1";"replatform";"";""
"1";"replication";"";""
"1";"required";"";""
"1";"retailers";"";""
"1";"reviewed";"";""
"1";"rewrite";"";""
"1";"risks";"";""
"1";"s3c";"";""
"1";"safe";"";""
"1";"safely";"";""
"1";"sales";"";""
"1";"sample";"";""
"1";"samples";"";""
"1";"say";"";""
"1";"scaling";"";""
"1";"scientific";"";""
"1";"scope";"";""
"1";"seamless";"";""
"1";"security-centric";"";""
"1";"security-focused";"";""
"1";"self-paced";"";""
"1";"sentiment";"";""
"1";"server-side";"";""
"1";"servers";"";""
"1";"serves";"";""
"1";"session";"";""
"1";"setting";"";""
"1";"share";"";""
"1";"shares";"";""
"1";"show";"";""
"1";"signals";"";""
"1";"silos";"";""
"1";"simplified";"";""
"1";"since";"";""
"1";"single";"";""
"1";"smarter";"";""
"1";"solvedmyproblem";"";""
"1";"spam";"";""
"1";"speaking";"";""
"1";"stage";"";""
"1";"stakeholders";"";""
"1";"standard";"";""
"1";"starting";"";""
"1";"state";"";""
"1";"state-of-the-art";"";""
"1";"status";"";""
"1";"steps";"";""
"1";"store";"";""
"1";"strategy";"";""
"1";"streams";"";""
"1";"strengthening";"";""
"1";"study";"";""
"1";"subscribe";"";""
"1";"suggested";"";""
"1";"summit";"";""
"1";"summit—keynote";"";""
"1";"supplied";"";""
"1";"supported";"";""
"1";"sustainable";"";""
"1";"syncing";"";""
"1";"synthesis";"";""
"1";"tactics";"";""
"1";"tailored";"";""
"1";"talk";"";""
"1";"teaching";"";""
"1";"tech";"";""
"1";"templates provide";"";""
"1";"thinking";"";""
"1";"three-tier";"";""
"1";"time";"";""
"1";"today";"";""
"1";"tracing";"";""
"1";"transcription";"";""
"1";"transforming";"";""
"1";"troubleshooting";"";""
"1";"tutorials";"";""
"1";"twitter";"";""
"1";"underlie";"";""
"1";"unify";"";""
"1";"unifying";"";""
"1";"unique";"";""
"1";"universal";"";""
"1";"unlimited";"";""
"1";"unmatched";"";""
"1";"upcoming";"";""
"1";"upgrades";"";""
"1";"upon";"";""
"1";"used";"";""
"1";"useful";"";""
"1";"user-generated";"";""
"1";"variety";"";""
"1";"vdi";"";""
"1";"verification";"";""
"1";"videos";"";""
"1";"visual";"";""
"1";"visualization";"";""
"1";"voices";"";""
"1";"volumes";"";""
"1";"vpn";"";""
"1";"walkthroughs";"";""
"1";"web-based";"";""
"1";"website";"";""
"1";"wherever";"";""
"1";"whether";"";""
"1";"wide-column";"";""
"1";"workers";"";""
"1";"years";"";""
"1";"zones";"";""
